-- phpMyAdmin SQL Dump
-- version phpStudy 2014
-- http://www.phpmyadmin.net
--
-- ä¸»æœº: localhost
-- ç”Ÿæˆæ—¥æœŸ: 2019 å¹?10 æœ?09 æ—?11:49
-- æœåŠ¡å™¨ç‰ˆæœ¬: 5.5.53
-- PHP ç‰ˆæœ¬: 7.0.12

SET SQL_MODE="NO_AUTO_VALUE_ON_ZERO";
SET time_zone = "+00:00";


/*!40101 SET @OLD_CHARACTER_SET_CLIENT=@@CHARACTER_SET_CLIENT */;
/*!40101 SET @OLD_CHARACTER_SET_RESULTS=@@CHARACTER_SET_RESULTS */;
/*!40101 SET @OLD_COLLATION_CONNECTION=@@COLLATION_CONNECTION */;
/*!40101 SET NAMES utf8 */;

--
-- æ•°æ®åº“: `qianlidu`
--

-- --------------------------------------------------------

--
-- è¡¨çš„ç»“æ„ `cm_admin`
--

CREATE TABLE IF NOT EXISTS `cm_admin` (
  `id` int(11) unsigned NOT NULL AUTO_INCREMENT,
  `username` char(100) DEFAULT NULL,
  `password` char(100) DEFAULT NULL,
  `name` char(100) DEFAULT NULL,
  `phone` char(50) DEFAULT NULL,
  `remark` varchar(255) DEFAULT NULL,
  `login_time` int(11) DEFAULT NULL,
  `reg_time` int(11) DEFAULT NULL,
  `loginnum` int(11) DEFAULT NULL,
  `status` tinyint(11) DEFAULT NULL,
  `role_id` int(11) DEFAULT NULL,
  `is_sys` tinyint(1) DEFAULT '0',
  PRIMARY KEY (`id`)
) ENGINE=MyISAM  DEFAULT CHARSET=utf8 AUTO_INCREMENT=4 ;

--
-- è½¬å­˜è¡¨ä¸­çš„æ•°æ® `cm_admin`
--

INSERT INTO `cm_admin` (`id`, `username`, `password`, `name`, `phone`, `remark`, `login_time`, `reg_time`, `loginnum`, `status`, `role_id`, `is_sys`) VALUES
(1, 'admin', '###d11e8f2f44c9512290f778da2df1c60b', 'è¶…çº§ç®¡ç†å‘˜', '15817090127', 'è¶…çº§ç®¡ç†å‘˜', 1570619530, 1489201095, 71, 1, 1, 1),
(2, 'admins', '###d11e8f2f44c9512290f778da2df1c60b', 'æµ‹è¯•', '15817090127', 'æµ‹è¯•', 1570519272, 1520943366, NULL, 1, 2, 0),
(3, 'adminsss', '###bd031957887b1a5a33768341342b9f98', 'æµ‹è¯•2', '13265964401', '333333', 1529574236, 1529574236, NULL, 1, 2, 0);

-- --------------------------------------------------------

--
-- è¡¨çš„ç»“æ„ `cm_admin_group`
--

CREATE TABLE IF NOT EXISTS `cm_admin_group` (
  `gid` int(11) unsigned NOT NULL AUTO_INCREMENT,
  `name` char(100) DEFAULT NULL,
  `menu_power` text,
  `status` tinyint(11) DEFAULT '1',
  `power` text,
  `is_sys` tinyint(1) DEFAULT '0',
  PRIMARY KEY (`gid`)
) ENGINE=MyISAM  DEFAULT CHARSET=utf8 AUTO_INCREMENT=3 ;

--
-- è½¬å­˜è¡¨ä¸­çš„æ•°æ® `cm_admin_group`
--

INSERT INTO `cm_admin_group` (`gid`, `name`, `menu_power`, `status`, `power`, `is_sys`) VALUES
(1, 'è¶…çº§ç®¡ç†å‘˜', NULL, 1, NULL, 1),
(2, 'æµ‹è¯•çº§åˆ«', '2,14,18,43,44,45,3,4,46,11,12', 1, 'Index/home,System/index,System/upload,System/banner,System/sms,System/sms_log,Goods/index,Goods/search_goods,Order/index,User/index,User/douser,User/level,User/dolevel,User/up,User/doup,News/index,News/category,News/docategory,News/single,Finance/setting', 0);

-- --------------------------------------------------------

--
-- è¡¨çš„ç»“æ„ `cm_admin_power`
--

CREATE TABLE IF NOT EXISTS `cm_admin_power` (
  `id` int(10) unsigned NOT NULL AUTO_INCREMENT,
  `parent` int(11) DEFAULT NULL,
  `name` char(100) DEFAULT NULL,
  `control` char(100) DEFAULT NULL,
  `action` char(100) NOT NULL,
  PRIMARY KEY (`id`)
) ENGINE=MyISAM  DEFAULT CHARSET=utf8 AUTO_INCREMENT=48 ;

--
-- è½¬å­˜è¡¨ä¸­çš„æ•°æ® `cm_admin_power`
--

INSERT INTO `cm_admin_power` (`id`, `parent`, `name`, `control`, `action`) VALUES
(1, 37, 'æµè§ˆ', 'Index', 'home'),
(2, 8, 'æµè§ˆ/ç¼–è¾‘', 'System', 'index'),
(3, 9, 'æµè§ˆ/ç¼–è¾‘', 'System', 'upload'),
(4, 48, 'æµè§ˆ', 'System', 'users'),
(5, 48, 'ç¼–è¾‘', 'System', 'douser'),
(6, 48, 'åˆ é™¤', 'System', 'del/admin'),
(7, 76, 'æµè§ˆ/ç¼–è¾‘', 'System', 'banner'),
(8, 78, 'æµè§ˆ', 'System', 'roles'),
(9, 78, 'æ·»åŠ /ç¼–è¾‘', 'System', 'doroles'),
(10, 78, 'åˆ é™¤', 'System', 'del/roles'),
(11, 74, 'æµè§ˆ/ç¼–è¾‘', 'System', 'sms'),
(12, 75, 'æŸ¥çœ‹', 'System', 'sms_log'),
(13, 43, 'æµè§ˆ', 'Goods', 'index'),
(14, 43, 'æ·»åŠ /ç¼–è¾‘', 'Goods', 'dogoods'),
(15, 43, 'æœç´¢', 'Goods', 'search_goods'),
(16, 43, 'åˆ é™¤', 'Goods', 'del/goods'),
(17, 43, 'æ‰¹é‡åˆ é™¤', 'Goods', 'batch/goodsdel'),
(18, 63, 'æµè§ˆ', 'Order', 'index'),
(19, 63, 'æŸ¥çœ‹/ç¼–è¾‘', 'Order', 'doorder'),
(20, 63, 'åˆ é™¤', 'Order', 'del/order'),
(21, 67, 'æµè§ˆ', 'User', 'index'),
(22, 67, 'æ·»åŠ /ç¼–è¾‘', 'User', 'douser'),
(23, 67, 'æœç´¢', 'User', 'search_user'),
(24, 67, 'å®¡æ ¸', 'User', 'option'),
(25, 67, 'è°ƒæ•´çº§åˆ«', 'User', 'userlevel'),
(26, 68, 'æµè§ˆ', 'User', 'level'),
(27, 68, 'æ·»åŠ /ç¼–è¾‘', 'User', 'dolevel'),
(28, 67, 'åˆ é™¤', 'User', 'del/user'),
(29, 68, 'åˆ é™¤', 'User', 'del/level'),
(30, 77, 'æµè§ˆ', 'User', 'up'),
(31, 77, 'å¤„ç†ç”³è¯·', 'User', 'doup'),
(32, 77, 'åˆ é™¤', 'User', 'del/user_up'),
(33, 55, 'æµè§ˆ', 'News', 'index'),
(34, 55, 'æ·»åŠ /ç¼–è¾‘', 'News', 'donews'),
(35, 55, 'åˆ é™¤', 'News', 'del/news'),
(36, 55, 'æ‰¹é‡åˆ é™¤', 'News', 'batch/news'),
(37, 56, 'æµè§ˆ', 'News', 'category'),
(38, 56, 'æ·»åŠ /ç¼–è¾‘', 'News', 'docategory'),
(39, 56, 'åˆ é™¤', 'News', 'del/category'),
(40, 57, 'æµè§ˆ', 'News', 'single'),
(41, 57, 'æ·»åŠ /ç¼–è¾‘', 'News', 'dosingle'),
(42, 57, 'åˆ é™¤', 'News', 'del/category'),
(43, 71, 'æµè§ˆ', 'Finance', 'index'),
(44, 71, 'å®¡æ ¸', 'Finance', 'option'),
(45, 71, 'åˆ é™¤', 'Finance', 'del/cash'),
(46, 72, 'æµè§ˆ/ç¼–è¾‘', 'Finance', 'setting'),
(47, 18, 'æµè§ˆ', 'User', 'up');

-- --------------------------------------------------------

--
-- è¡¨çš„ç»“æ„ `cm_agent`
--

CREATE TABLE IF NOT EXISTS `cm_agent` (
  `id` int(11) unsigned zerofill NOT NULL AUTO_INCREMENT,
  `uid` int(11) NOT NULL COMMENT 'ç”¨æˆ·ID',
  `name` varchar(50) DEFAULT NULL COMMENT 'ä»£ç†å•†åç§°',
  `level` int(11) NOT NULL COMMENT 'ä»£ç†å•†ç­‰çº§',
  `business` tinyint(4) DEFAULT '0' COMMENT 'æ˜¯å¦å•†å®¶',
  `card_img` varchar(100) DEFAULT NULL COMMENT 'èº«ä»½è¯ç…§ç‰‡',
  `money_img` varchar(100) DEFAULT NULL COMMENT 'æ‰“æ¬¾æˆªå›¾',
  `card_num` varchar(20) DEFAULT NULL COMMENT 'èº«ä»½è¯å·',
  `province` varchar(30) DEFAULT NULL COMMENT 'çœ',
  `city` varchar(30) DEFAULT NULL COMMENT 'å¸‚',
  `area` varchar(30) DEFAULT NULL COMMENT 'åŒº',
  `address` varchar(50) DEFAULT NULL COMMENT 'è¯¦ç»†åœ°å€',
  `start_time` int(11) NOT NULL COMMENT 'æƒé™æ—¶é—´ å¼€å§‹',
  `stop_time` int(11) NOT NULL COMMENT 'æƒé™æ—¶é—´ ç»“æŸ',
  `content` varchar(255) DEFAULT NULL COMMENT 'å¤‡æ³¨',
  `add_time` int(11) NOT NULL COMMENT 'åˆ›å»ºæ—¶é—´',
  `update_time` int(11) NOT NULL COMMENT 'æ›´æ–°æ—¶é—´',
  `status` tinyint(11) DEFAULT '1' COMMENT 'æ˜¯å¦å¯ç”¨',
  PRIMARY KEY (`id`)
) ENGINE=InnoDB  DEFAULT CHARSET=utf8 COMMENT='ä»£ç†å•†ã€å•†å®¶è¡¨' AUTO_INCREMENT=3 ;

--
-- è½¬å­˜è¡¨ä¸­çš„æ•°æ® `cm_agent`
--

INSERT INTO `cm_agent` (`id`, `uid`, `name`, `level`, `business`, `card_img`, `money_img`, `card_num`, `province`, `city`, `area`, `address`, `start_time`, `stop_time`, `content`, `add_time`, `update_time`, `status`) VALUES
(00000000001, 85, 'cddd', 0, 0, NULL, NULL, NULL, NULL, NULL, NULL, NULL, 1569736845, 1579642165, NULL, 0, 1570614567, 1),
(00000000002, 90, 'å¹¿å·å°ä»£', 1, 0, NULL, NULL, NULL, NULL, NULL, NULL, NULL, 1569430845, 1579651225, NULL, 0, 1570608850, 1);

-- --------------------------------------------------------

--
-- è¡¨çš„ç»“æ„ `cm_agent_card`
--

CREATE TABLE IF NOT EXISTS `cm_agent_card` (
  `id` int(10) unsigned zerofill NOT NULL AUTO_INCREMENT,
  `card_num` bigint(20) NOT NULL COMMENT 'å¡å·',
  `password` varchar(50) NOT NULL COMMENT 'å¡å¯†ç ',
  `card_type` int(11) NOT NULL DEFAULT '0' COMMENT 'å¡ç‰‡ç±»å‹',
  `card_state` tinyint(4) DEFAULT '0' COMMENT 'æ˜¯å¦æ¿€æ´»',
  `card_style` tinyint(4) NOT NULL COMMENT 'æ˜¯å¦å®ä½“å¡',
  `print_status` tinyint(4) NOT NULL DEFAULT '0' COMMENT 'æ˜¯å¦å°åˆ·',
  `up_num` tinyint(4) DEFAULT '0' COMMENT 'æäº¤æ¬¡æ•°é™åˆ¶',
  `charge_time` int(11) NOT NULL COMMENT 'å……å€¼æ—¶é—´',
  `gid` int(11) NOT NULL COMMENT 'ä»£ç†äººID',
  `start_time` int(11) NOT NULL COMMENT 'ä½¿ç”¨æ—¶é—´ å¼€å§‹',
  `stop_time` int(11) NOT NULL COMMENT 'ä½¿ç”¨æ—¶é—´ ç»“æŸ',
  `update_time` int(11) NOT NULL COMMENT 'æ›´æ–°æ—¶é—´',
  `add_time` int(11) NOT NULL COMMENT 'åˆ›å»ºæ—¶é—´',
  `state` tinyint(4) DEFAULT '1' COMMENT 'æ˜¯å¦æ˜¾ç¤º',
  PRIMARY KEY (`id`)
) ENGINE=MyISAM  DEFAULT CHARSET=utf8 COMMENT='ä»£ç†å•†å¡ç‰‡' AUTO_INCREMENT=92 ;

--
-- è½¬å­˜è¡¨ä¸­çš„æ•°æ® `cm_agent_card`
--

INSERT INTO `cm_agent_card` (`id`, `card_num`, `password`, `card_type`, `card_state`, `card_style`, `print_status`, `up_num`, `charge_time`, `gid`, `start_time`, `stop_time`, `update_time`, `add_time`, `state`) VALUES
(0000000001, 190928114251075, '20708586', 2, 0, 2, 1, 0, 259200, 2, 1569600000, 1572451200, 1570609723, 1569642165, 1),
(0000000002, 190928114232538, '68159004', 1, 0, 1, 0, 0, 86400, 2, 1569600000, 1572451200, 1569642165, 1569642165, 1),
(0000000003, 190928114218541, '52246899', 1, 0, 1, 0, 0, 86400, 1, 1569600000, 1572451200, 1569809285, 1569642165, 1),
(0000000004, 190928114273142, '66614072', 1, 0, 1, 0, 1, 86400, 1, 1569600000, 1572451199, 1567642165, 1569642165, 1),
(0000000005, 190928114289410, '57530893', 1, 0, 1, 0, 1, 86400, 1, 1569600000, 1572451198, 1569666838, 1569642165, 1),
(0000000006, 190928114226756, '81017001', 1, 0, 1, 0, 0, 86400, 1, 1569600000, 1571451200, 1569642165, 1569642165, 1),
(0000000007, 190928114214164, '38201598', 1, 1, 1, 0, 1, 86400, 1, 1569600000, 1572451200, 1570602848, 1569642165, 1),
(0000000008, 190928114262509, '74823170', 1, 1, 1, 0, 0, 86400, 1, 1569600000, 1572451200, 1570614796, 1569642165, 3),
(0000000009, 190928114253989, '89684364', 1, 0, 1, 0, 1, 86400, 1, 1569600000, 1572451200, 1569667825, 1569642165, 1),
(0000000010, 190928114250407, '78852006', 1, 0, 1, 0, 0, 86400, 1, 1569600000, 1572451200, 1569812898, 1569642165, 1),
(0000000011, 190928114234189, '47339413', 1, 0, 1, 0, 0, 86400, 1, 1569600000, 1572451200, 1569813192, 1569642165, 1),
(0000000012, 190928114296466, '75443726', 1, 0, 1, 0, 0, 86400, 1, 1569600000, 1572451200, 1569813251, 1569642165, 1),
(0000000013, 190928114292852, '48210059', 1, 0, 1, 0, 0, 86400, 1, 1569600000, 1572451200, 1569642165, 1569642165, 1),
(0000000014, 190928114243475, '60277139', 1, 0, 1, 0, 0, 86400, 1, 1569600000, 1572451200, 1569642165, 1569642165, 1),
(0000000015, 190928114285482, '72143821', 1, 0, 1, 0, 0, 86400, 1, 1569600000, 1572451200, 1569642165, 1569642165, 1),
(0000000016, 190928114282065, '96373639', 1, 0, 1, 0, 0, 86400, 1, 1569600000, 1572451200, 1569642165, 1569642165, 1),
(0000000017, 190928114285534, '15077705', 1, 0, 1, 0, 0, 86400, 1, 1569600000, 1572451200, 1569642165, 1569642165, 1),
(0000000018, 190928114238258, '52100627', 1, 0, 1, 0, 0, 86400, 1, 1569600000, 1572451200, 1569642165, 1569642165, 1),
(0000000019, 190928114263267, '32913418', 1, 0, 1, 0, 0, 86400, 1, 1569600000, 1572451200, 1569642165, 1569642165, 1),
(0000000020, 190928114277863, '17419710', 1, 0, 1, 0, 0, 86400, 1, 1569600000, 1572451200, 1569642165, 1569642165, 1),
(0000000021, 190928114354232, '25744205', 2, 0, 1, 0, 0, 86400, 1, 1569600000, 1572451200, 1569642211, 1569642211, 1),
(0000000022, 190928114338891, '86880902', 2, 0, 1, 0, 0, 86400, 1, 1569600000, 1572451200, 1569642211, 1569642211, 1),
(0000000023, 190928114372847, '62496296', 2, 0, 1, 0, 0, 86400, 1, 1569600000, 1572451200, 1569642211, 1569642211, 1),
(0000000024, 190928114391293, '18856229', 2, 0, 1, 0, 0, 86400, 1, 1569600000, 1572451200, 1569642211, 1569642211, 1),
(0000000025, 190928114391451, '58174376', 2, 0, 1, 0, 0, 86400, 1, 1569600000, 1572451200, 1569642211, 1569642211, 1),
(0000000026, 190928114348836, '13954285', 2, 0, 1, 0, 0, 86400, 1, 1569600000, 1572451200, 1569642211, 1569642211, 1),
(0000000027, 190928114323400, '77241926', 2, 0, 1, 0, 0, 86400, 1, 1569600000, 1572451200, 1569642211, 1569642211, 1),
(0000000028, 190928114396403, '51057323', 2, 0, 1, 0, 0, 86400, 1, 1569600000, 1572451200, 1569642211, 1569642211, 1),
(0000000029, 190928114315049, '96472745', 2, 0, 1, 0, 0, 86400, 1, 1569600000, 1572451200, 1569642211, 1569642211, 1),
(0000000030, 190928114313514, '47443009', 2, 0, 1, 0, 0, 86400, 1, 1569600000, 1572451200, 1569642211, 1569642211, 1),
(0000000031, 190928114324005, '94549661', 2, 0, 1, 0, 0, 0, 1, 1569600000, 1572451200, 1569642211, 1569642211, 1),
(0000000032, 190928114385601, '95248557', 2, 0, 1, 0, 0, 0, 1, 1569600000, 1572451200, 1569642211, 1569642211, 1),
(0000000033, 190928114378128, '29753707', 2, 0, 1, 0, 0, 0, 1, 1569600000, 1572451200, 1569642211, 1569642211, 1),
(0000000034, 190928114311441, '65488858', 2, 0, 1, 0, 0, 0, 1, 1569600000, 1572451200, 1569642211, 1569642211, 1),
(0000000035, 190928114365699, '84739647', 2, 0, 1, 0, 0, 0, 1, 1569600000, 1572451200, 1569642211, 1569642211, 1),
(0000000036, 190928114326879, '39394678', 2, 0, 1, 0, 0, 0, 1, 1569600000, 1572451200, 1569642211, 1569642211, 1),
(0000000037, 190928114319246, '13067917', 2, 0, 1, 0, 0, 0, 1, 1569600000, 1572451200, 1569642211, 1569642211, 1),
(0000000038, 190928114385250, '80793136', 2, 0, 1, 0, 0, 0, 1, 1569600000, 1572451200, 1569642211, 1569642211, 1),
(0000000039, 190928114492999, '93224454', 2, 0, 2, 0, 0, 0, 1, 1569600000, 1572451200, 1569642245, 1569642245, 1),
(0000000040, 190928114451341, '78187073', 2, 0, 2, 0, 0, 0, 1, 1569600000, 1572451200, 1569642245, 1569642245, 1),
(0000000041, 190928114465212, '94589948', 2, 0, 2, 0, 0, 0, 1, 1569600000, 1572451200, 1569642245, 1569642245, 1),
(0000000042, 190928114442907, '74025712', 2, 0, 2, 0, 0, 0, 1, 1569600000, 1572451200, 1569642245, 1569642245, 1),
(0000000043, 190928114418132, '60250220', 2, 0, 2, 0, 0, 0, 1, 1569600000, 1572451200, 1569642245, 1569642245, 1),
(0000000044, 190928114425752, '48892383', 2, 0, 2, 0, 0, 0, 1, 1569600000, 1572451200, 1569642245, 1569642245, 1),
(0000000045, 190928114466178, '12597625', 2, 0, 2, 0, 0, 0, 1, 1569600000, 1572451200, 1569642245, 1569642245, 1),
(0000000046, 190928114458989, '87097319', 2, 0, 2, 0, 0, 0, 1, 1569600000, 1572451200, 1569642245, 1569642245, 1),
(0000000047, 190928114447944, '34761030', 2, 0, 2, 0, 0, 0, 1, 1569600000, 1572451200, 1569642245, 1569642245, 1),
(0000000048, 190928114492515, '72096126', 2, 0, 2, 0, 0, 0, 1, 1569600000, 1572451200, 1569642245, 1569642245, 1),
(0000000049, 190928114480561, '28483350', 2, 0, 2, 0, 0, 0, 1, 1569600000, 1572451200, 1569642245, 1569642245, 1),
(0000000050, 190928114490797, '86272626', 2, 0, 2, 0, 0, 0, 1, 1569600000, 1572451200, 1569642245, 1569642245, 1),
(0000000051, 190928114460895, '55952569', 2, 0, 2, 0, 0, 0, 1, 1569600000, 1572451200, 1569642245, 1569642245, 1),
(0000000052, 190928114419875, '88623653', 2, 0, 2, 0, 0, 0, 1, 1569600000, 1572451200, 1569642245, 1569642245, 1),
(0000000053, 190928114411807, '25444684', 2, 0, 2, 0, 0, 0, 1, 1569600000, 1572451200, 1569642245, 1569642245, 1),
(0000000054, 190928114475536, '20141489', 2, 0, 2, 0, 0, 0, 1, 1569600000, 1572451200, 1569642245, 1569642245, 1),
(0000000055, 190928114496541, '25457758', 2, 0, 3, 0, 0, 0, 1, 1569600000, 1572451200, 1569642254, 1569642254, 1),
(0000000056, 190928114414781, '96060256', 2, 0, 3, 0, 0, 0, 1, 1569600000, 1572451200, 1569642254, 1569642254, 1),
(0000000057, 190928114471151, '46371832', 2, 0, 3, 0, 0, 0, 1, 1569600000, 1572451200, 1569642254, 1569642254, 1),
(0000000058, 190928114424623, '61295991', 2, 0, 3, 0, 0, 0, 1, 1569600000, 1572451200, 1569642254, 1569642254, 1),
(0000000059, 190928114475956, '84658241', 2, 0, 3, 0, 0, 0, 1, 1569600000, 1572451200, 1569642254, 1569642254, 1),
(0000000060, 190928114451423, '57606127', 2, 0, 3, 0, 0, 0, 1, 1569600000, 1572451200, 1569642254, 1569642254, 1),
(0000000061, 190928114449623, '22580877', 2, 0, 3, 0, 0, 0, 1, 1569600000, 1572451200, 1569642254, 1569642254, 1),
(0000000062, 190928114475113, '56694125', 2, 0, 3, 0, 0, 0, 1, 1569600000, 1572451200, 1569642254, 1569642254, 1),
(0000000063, 190928114433509, '60690858', 2, 0, 3, 0, 0, 0, 1, 1569600000, 1572451200, 1569642254, 1569642254, 1),
(0000000064, 190928114455349, '74937388', 2, 0, 3, 0, 0, 0, 1, 1569600000, 1572451200, 1569642254, 1569642254, 1),
(0000000065, 190928114416984, '50027641', 2, 0, 3, 0, 0, 0, 1, 1569600000, 1572451200, 1569642254, 1569642254, 1),
(0000000066, 190928114428716, '23152493', 2, 0, 3, 0, 0, 0, 1, 1569600000, 1572451200, 1569642254, 1569642254, 1),
(0000000067, 190928114446931, '78079402', 2, 0, 3, 0, 0, 0, 1, 1569600000, 1572451200, 1569642254, 1569642254, 1),
(0000000068, 190928114460377, '92240180', 1, 0, 3, 0, 0, 0, 1, 1569600000, 1572451200, 1569642265, 1569642265, 1),
(0000000069, 190928114461051, '67131036', 1, 0, 3, 0, 0, 0, 1, 1569600000, 1572451200, 1569642265, 1569642265, 1),
(0000000070, 190928114433365, '80658226', 1, 0, 3, 0, 0, 0, 1, 1569600000, 1572451200, 1569642265, 1569642265, 1),
(0000000071, 190928114494953, '49385025', 1, 0, 3, 0, 0, 0, 1, 1569600000, 1572451200, 1569642265, 1569642265, 1),
(0000000072, 190928114412407, '68023743', 1, 0, 3, 0, 0, 0, 1, 1569600000, 1572451200, 1569642265, 1569642265, 1),
(0000000073, 190928114420172, '55084954', 1, 0, 3, 0, 0, 0, 1, 1569600000, 1572451200, 1569642265, 1569642265, 1),
(0000000074, 190928114465521, '57731068', 1, 0, 3, 0, 0, 0, 1, 1569600000, 1572451200, 1569642265, 1569642265, 1),
(0000000075, 190928114442481, '42674458', 1, 0, 3, 0, 0, 0, 1, 1569600000, 1572451200, 1569642265, 1569642265, 1),
(0000000076, 190928114496356, '66165503', 1, 0, 3, 0, 0, 0, 1, 1569600000, 1572451200, 1569642265, 1569642265, 1),
(0000000077, 190928114423508, '22732016', 1, 0, 3, 0, 0, 0, 1, 1569600000, 1572451200, 1569642265, 1569642265, 1),
(0000000078, 190928114417030, '68219754', 1, 0, 3, 0, 0, 0, 1, 1569600000, 1572451200, 1569642265, 1569642265, 1),
(0000000079, 190928114455573, '90997522', 1, 0, 2, 0, 0, 0, 1, 1569600000, 1572451200, 1569642277, 1569642277, 1),
(0000000080, 190928114445169, '41171507', 1, 0, 2, 0, 0, 0, 1, 1569600000, 1572451200, 1569642277, 1569642277, 1),
(0000000081, 190928114473103, '29252535', 1, 0, 2, 0, 0, 0, 1, 1569600000, 1572451200, 1569642277, 1569642277, 1),
(0000000082, 190928114499441, '48065123', 1, 0, 2, 0, 0, 0, 1, 1569600000, 1572451200, 1569642277, 1569642277, 1),
(0000000083, 190928114431986, '23650367', 1, 0, 2, 0, 0, 0, 1, 1569600000, 1572451200, 1569642277, 1569642277, 1),
(0000000084, 190928114418855, '27248301', 1, 0, 2, 0, 0, 0, 1, 1569600000, 1572451200, 1569642277, 1569642277, 1),
(0000000085, 190928114464115, '92614333', 1, 0, 2, 0, 0, 0, 1, 1569600000, 1572451200, 1569642277, 1569642277, 1),
(0000000086, 190928114473993, '43603202', 1, 0, 2, 0, 0, 0, 1, 1569600000, 1572451200, 1569642277, 1569642277, 1),
(0000000087, 191009171213205, '16722431', 1, 0, 2, 0, 0, 93312000, 0, 1570525769, 1571735371, 1570612320, 1570612320, 1),
(0000000088, 191009171299087, '23473362', 1, 0, 2, 0, 0, 93312000, 0, 1570525769, 1571735371, 1570612320, 1570612320, 1),
(0000000089, 191009171210580, '18722362', 1, 0, 2, 0, 0, 93312000, 0, 1570525769, 1571735371, 1570612320, 1570612320, 1),
(0000000090, 191009171218019, '87066469', 1, 0, 2, 0, 0, 93312000, 0, 1570525769, 1571735371, 1570612320, 1570612320, 1),
(0000000091, 191009171247205, '43524056', 1, 0, 2, 0, 0, 93312000, 2, 1570525769, 1571735371, 1570612624, 1570612320, 1);

-- --------------------------------------------------------

--
-- è¡¨çš„ç»“æ„ `cm_card_type`
--

CREATE TABLE IF NOT EXISTS `cm_card_type` (
  `id` int(10) unsigned NOT NULL AUTO_INCREMENT,
  `name` varchar(50) NOT NULL COMMENT 'å¡ç±»åç§°',
  `title` varchar(100) DEFAULT NULL COMMENT 'å¤‡æ³¨',
  `add_time` int(11) NOT NULL COMMENT 'åˆ›å»ºæ—¶é—´',
  `update_time` int(11) NOT NULL COMMENT 'ä¿®æ”¹æ—¶é—´',
  PRIMARY KEY (`id`)
) ENGINE=MyISAM  DEFAULT CHARSET=utf8 COMMENT='æ¿€æ´»å¡è§„æ ¼é…ç½®' AUTO_INCREMENT=6 ;

--
-- è½¬å­˜è¡¨ä¸­çš„æ•°æ® `cm_card_type`
--

INSERT INTO `cm_card_type` (`id`, `name`, `title`, `add_time`, `update_time`) VALUES
(1, 'A', 'ä¸€ç±»å®¢æˆ·', 1570602100, 1570602100),
(2, 'B', 'äºŒç±»å®¢æˆ·', 1570602100, 1570602134),
(3, 'C', 'ä¸‰ç±»å®¢æˆ·', 1570602152, 1570602152);

-- --------------------------------------------------------

--
-- è¡¨çš„ç»“æ„ `cm_card_user`
--

CREATE TABLE IF NOT EXISTS `cm_card_user` (
  `cid` int(11) NOT NULL,
  `uid` int(11) NOT NULL,
  `add_time` int(11) NOT NULL,
  `status` int(11) DEFAULT '1'
) ENGINE=MyISAM DEFAULT CHARSET=utf8 COMMENT='ç”¨æˆ·æ¿€æ´»å¡ç»‘å®šè¡¨';

--
-- è½¬å­˜è¡¨ä¸­çš„æ•°æ® `cm_card_user`
--

INSERT INTO `cm_card_user` (`cid`, `uid`, `add_time`, `status`) VALUES
(7, 85, 1570602848, 1),
(8, 85, 1569813411, 1);

-- --------------------------------------------------------

--
-- è¡¨çš„ç»“æ„ `cm_comment_weixin`
--

CREATE TABLE IF NOT EXISTS `cm_comment_weixin` (
  `id` int(10) unsigned NOT NULL AUTO_INCREMENT,
  `name` varchar(30) DEFAULT NULL COMMENT 'åç§°',
  `wx` varchar(30) NOT NULL COMMENT 'å¾®ä¿¡å·',
  `team` varchar(30) DEFAULT NULL COMMENT 'æ‰€å±å›¢é˜Ÿ',
  `status` tinyint(4) DEFAULT '1' COMMENT 'æ˜¯å¦æ˜¾ç¤º',
  PRIMARY KEY (`id`)
) ENGINE=MyISAM  DEFAULT CHARSET=utf8 COMMENT='å®¢æœå¾®ä¿¡è¡¨' AUTO_INCREMENT=2 ;

--
-- è½¬å­˜è¡¨ä¸­çš„æ•°æ® `cm_comment_weixin`
--

INSERT INTO `cm_comment_weixin` (`id`, `name`, `wx`, `team`, `status`) VALUES
(1, 'first', 'ffffff', 'ä¸€é˜Ÿ', 1);

-- --------------------------------------------------------

--
-- è¡¨çš„ç»“æ„ `cm_config`
--

CREATE TABLE IF NOT EXISTS `cm_config` (
  `id` int(11) unsigned NOT NULL AUTO_INCREMENT,
  `name` varchar(200) DEFAULT NULL,
  `value` text,
  PRIMARY KEY (`id`)
) ENGINE=MyISAM  DEFAULT CHARSET=utf8 COMMENT='ç³»ç»Ÿé…ç½®' AUTO_INCREMENT=44 ;

--
-- è½¬å­˜è¡¨ä¸­çš„æ•°æ® `cm_config`
--

INSERT INTO `cm_config` (`id`, `name`, `value`) VALUES
(1, 'sitename', 'åƒé‡Œåº¦'),
(23, 'jsondata', '{"title":"ä»£ç†åå°","range":[{"pid":"54","cid":["62","64","65","79"]},{"pid":"55","cid":["75","76","77","78"]},{"pid":"56","cid":["67","68","69","70"]},{"pid":"57","cid":["72","73","74","81"]},{"pid":"80","cid":["82","66","71"]}]}'),
(5, 'siteurl', 'http://app.taoyuantoday.com/'),
(10, 'wechat', 'a:7:{s:5:"appid";s:18:"wx8536222ab28f7ba5";s:9:"appsecret";s:32:"f16da509993efa6eda52051271eec182";s:5:"token";s:8:"guangmai";s:10:"server_url";s:49:"http://long.guangzhoubaidu.com/index/wechat/index";s:7:"keycode";s:43:"SyURacDOrpmuix9RgJqccg0S801MCOz5GSHqLGbKnLy";s:5:"mchid";s:10:"1501914311";s:6:"mchkey";s:32:"guangmaikeji2018guangmaikeji2018";}'),
(12, 'tpl', 'default'),
(24, 'brand_name', 'æ³·åˆºé‡Œ'),
(25, 'brand_number', '000001'),
(26, 'brand_prefix', 'QLD'),
(27, 'bank', NULL),
(28, 'brand_long', '12'),
(29, 'brand_logo', '/uploads/20180927\\d84bcc78fcc5a45a20d328dd431add89.jpg'),
(30, 'team', 'a:1:{s:6:"reward";a:2:{i:6;a:3:{i:1;a:3:{s:11:"start_money";s:1:"1";s:9:"end_money";s:5:"60000";s:5:"ratio";s:1:"5";}i:2;a:3:{s:11:"start_money";s:5:"60000";s:9:"end_money";s:6:"120000";s:5:"ratio";s:1:"7";}i:3;a:3:{s:11:"start_money";s:6:"120000";s:9:"end_money";s:2:"-1";s:5:"ratio";s:1:"9";}}i:7;a:3:{i:1;a:3:{s:11:"start_money";s:1:"0";s:9:"end_money";s:5:"30000";s:5:"ratio";s:1:"5";}i:2;a:3:{s:11:"start_money";s:5:"30000";s:9:"end_money";s:5:"60000";s:5:"ratio";s:1:"7";}i:3;a:3:{s:11:"start_money";s:5:"60000";s:9:"end_money";s:2:"-1";s:5:"ratio";s:1:"9";}}}}'),
(38, 'same', 'a:4:{i:6;a:3:{s:5:"level";s:1:"6";s:3:"one";s:1:"6";s:3:"two";s:1:"4";}i:7;a:3:{s:5:"level";s:1:"7";s:3:"one";s:1:"6";s:3:"two";s:1:"4";}i:8;a:3:{s:5:"level";s:1:"8";s:3:"one";s:2:"15";s:3:"two";s:1:"0";}i:9;a:3:{s:5:"level";s:1:"0";s:3:"one";s:1:"0";s:3:"two";s:1:"0";}}'),
(36, 'upgrade', 'a:4:{i:6;a:2:{s:3:"num";s:1:"0";s:5:"level";s:1:"0";}i:7;a:2:{s:3:"num";s:6:"240000";s:5:"level";s:1:"6";}i:8;a:2:{s:3:"num";s:5:"46800";s:5:"level";s:1:"7";}i:9;a:2:{s:3:"num";s:5:"15232";s:5:"level";s:1:"8";}}'),
(37, 'recommend', 'a:4:{i:6;a:2:{s:2:"id";s:1:"0";s:5:"money";s:1:"0";}i:7;a:2:{s:2:"id";s:1:"0";s:5:"money";s:1:"0";}i:8;a:2:{s:2:"id";s:1:"8";s:5:"money";s:2:"15";}i:9;a:2:{s:2:"id";s:1:"9";s:5:"money";s:2:"15";}}'),
(41, 'copyright', 'ç‰ˆæƒæ‰€æœ‰Â©2019 åƒé‡Œåº¦ All Rights Reserved. '),
(40, 'tel_phone', '400-123-1231'),
(42, 'copyright_num', 'ç²¤ICPå¤‡17133572å·'),
(43, 'copyright_technology', 'ç”±yikucompanyæä¾›æŠ€æœ¯æ”¯æŒ');

-- --------------------------------------------------------

--
-- è¡¨çš„ç»“æ„ `cm_goods`
--

CREATE TABLE IF NOT EXISTS `cm_goods` (
  `id` int(10) unsigned zerofill NOT NULL AUTO_INCREMENT,
  `title` char(100) DEFAULT NULL COMMENT 'æ ‡é¢˜',
  `title_list` varchar(255) DEFAULT NULL COMMENT 'å‰¯æ ‡é¢˜',
  `agent` int(11) DEFAULT NULL,
  `photo` varchar(255) DEFAULT NULL,
  `goods_tag` varchar(200) DEFAULT NULL COMMENT 'çº¿è·¯æ ‡ç­¾',
  `rid` int(11) DEFAULT '0' COMMENT 'æ¨èæ ‡ç­¾',
  `content` text COMMENT 'è·¯çº¿è¯¦æƒ…',
  `tips` text COMMENT 'æç¤º  å‡ºå‘å‰å‡†å¤‡',
  `show_banner` tinyint(4) DEFAULT '0' COMMENT 'æ˜¯å¦bannerå±•ç¤º',
  `start_time` int(11) DEFAULT NULL COMMENT 'æ—…é€”å¼€å§‹æ—¶é—´',
  `stop_time` int(11) DEFAULT NULL COMMENT 'æ—…é€”ç»“æŸæ—¶é—´',
  `total_time` varchar(50) NOT NULL COMMENT 'å¤‡æ³¨  æ—…é€”æ—¶é—´',
  `show_time` int(11) DEFAULT NULL COMMENT 'æ´»åŠ¨å±•ç¤ºæ—¶é—´',
  `hide_time` int(11) DEFAULT NULL COMMENT 'æ´»åŠ¨å…³é—­æ—¶é—´',
  `add_time` int(11) NOT NULL COMMENT 'åˆ›å»ºæ—¶é—´',
  `update_time` int(11) NOT NULL COMMENT 'æ›´æ–°æ—¶é—´',
  `timestamp` datetime DEFAULT NULL,
  `rank_num` int(11) DEFAULT '0' COMMENT 'æ’åº',
  `collect_num` int(11) DEFAULT '0' COMMENT 'æ”¶è—æ¬¡æ•°',
  `status` tinyint(1) DEFAULT NULL COMMENT 'æ˜¯å¦å¯ç”¨',
  PRIMARY KEY (`id`)
) ENGINE=MyISAM  DEFAULT CHARSET=utf8 AUTO_INCREMENT=12 ;

--
-- è½¬å­˜è¡¨ä¸­çš„æ•°æ® `cm_goods`
--

INSERT INTO `cm_goods` (`id`, `title`, `title_list`, `agent`, `photo`, `goods_tag`, `rid`, `content`, `tips`, `show_banner`, `start_time`, `stop_time`, `total_time`, `show_time`, `hide_time`, `add_time`, `update_time`, `timestamp`, `rank_num`, `collect_num`, `status`) VALUES
(0000000001, 'æ³°å±±2', 'ç™»é¡¶2', 1, '/uploads/20191008\\1136a13f91e1c2499d52b5b2bf59f323.jpg', '3', 3, '<p>æ—…æ¸¸å¤§å·´<img src="/uploads//20180906/5a6ea1025d5c2bd8102498e424e44a88.jpg" alt="5a6ea1025d5c2bd8102498e424e44a88.jpg"/></p><p>2312313123</p>', 'å¤©æ°”å¯’å†·ï¼›æ³¨æ„é˜²å¯’', 1, 1558474304, 1578474304, '6å¤©6å¤œ', 1558464304, 1578464304, 0, 1570517884, NULL, 2, 0, 1),
(0000000002, 'é»„å±±', 'ä¸‹æ£‹', 0, '/uploads/20180927\\286131d54b259796358953c602dd22c0.jpg', NULL, 1, 'é£æœº', 'å¤©æ°”ç‚çƒ­ï¼Œæ³¨æ„é˜²æ™’', 1, 0, 0, '5å¤©4å¤œ', 1558474304, 1578474304, 0, 0, NULL, 0, 0, 0),
(0000000004, 'åºå±±', 'äº‘é›¾', 0, '/uploads/20180910\\0ca66a23643bc82030b386c135b03c40.jpg', NULL, 2, 'ç«è½¦', 'é«˜å±±å¸¦ä¸Šçˆ¬å±±è£…å¤‡', 0, 0, 0, '3å¤©ä¸¤å¤œ', 1558474304, 1578474304, 0, 0, NULL, 0, 0, 0),
(0000000005, 'ç æµ·', 'æ°´æ—é¦†', 1, '/uploads/20190926\\7402d39586c3ff7172b7122ec5e4647e.jpg', '3', 1, '<p>ç«è½¦</p>', 'é«˜åŸ', 0, 0, 0, '1æ˜ŸæœŸ', 1558474304, 1578474304, 0, 1570518024, NULL, 3, 0, 1),
(0000000006, 'è¥¿è—ç¥å±±', 'è¥¿è—ç¥å±±åœ£æ¹–ä¸€æ—¥æ¸¸', 0, '/uploads/20190926\\7402d39586c3ff7172b7122ec5e4647e.jpg', NULL, 0, '<p>å¤©å¤©å¤©å¤©å›¢</p>', 'é«˜åŸç¼ºæ°§', 1, 0, 0, '2æ˜ŸæœŸ', 1558474304, 1578474304, 0, 1570518294, NULL, 0, 0, 1),
(0000000007, 'è¥¿è—ç¥å±±åœ£æ¹–', 'è¥¿è—ç¥å±±åœ£æ¹–ä¸€æ—¥æ¸¸', 0, '/uploads/20190926\\7402d39586c3ff7172b7122ec5e4647e.jpg', NULL, 2, 'é£æœº', 'é«˜åŸç¼ºæ°§', 0, 0, 0, '2æ˜ŸæœŸ', 1558474304, 1578474304, 0, 0, NULL, 2, 0, 1),
(0000000008, 'è¥¿è—ç¥å±±åœ£æ¹–', 'è¥¿è—ç¥å±±åœ£æ¹–ä¸€æ—¥æ¸¸', 0, '/uploads/20190926\\7402d39586c3ff7172b7122ec5e4647e.jpg', NULL, 3, 'å¤©å¤©å¤©å¤©å›¢', 'é«˜åŸç¼ºæ°§', 0, 0, 0, '1ä¸ªæœˆ', 1558474304, 1578474304, 0, 0, NULL, 0, 0, 1),
(0000000010, 'fdsa', '1321', 1, '/uploads/20191008\\56ed07ac5aaed742675a2c5fb9baae72.jpg', NULL, 2, '<p>agffdsgfdsfdsafa</p>', NULL, 1, 1184817600, 1743469200, '6å¤©6å¤œ', 1376611200, 1672534800, 0, 1570522791, NULL, 2, 0, 1);

-- --------------------------------------------------------

--
-- è¡¨çš„ç»“æ„ `cm_goods_collect`
--

CREATE TABLE IF NOT EXISTS `cm_goods_collect` (
  `id` int(10) unsigned zerofill NOT NULL AUTO_INCREMENT,
  `gid` int(11) NOT NULL COMMENT 'å•†å“ID',
  `uid` int(11) NOT NULL COMMENT 'ç”¨æˆ·id',
  `add_time` int(11) NOT NULL COMMENT 'æ”¶è—æ—¶é—´',
  PRIMARY KEY (`id`)
) ENGINE=MyISAM  DEFAULT CHARSET=utf8 COMMENT='ç”¨æˆ·æ”¶è—è®°å½•è¡¨' AUTO_INCREMENT=6 ;

--
-- è½¬å­˜è¡¨ä¸­çš„æ•°æ® `cm_goods_collect`
--

INSERT INTO `cm_goods_collect` (`id`, `gid`, `uid`, `add_time`) VALUES
(0000000001, 2, 85, 0),
(0000000002, 2, 90, 0),
(0000000003, 2, 91, 0),
(0000000004, 2, 92, 0),
(0000000005, 2, 93, 0);

-- --------------------------------------------------------

--
-- è¡¨çš„ç»“æ„ `cm_goods_comment`
--

CREATE TABLE IF NOT EXISTS `cm_goods_comment` (
  `id` int(10) unsigned zerofill NOT NULL AUTO_INCREMENT,
  `gid` int(11) NOT NULL COMMENT 'å•†å“ID',
  `uid` int(11) NOT NULL COMMENT 'ç”¨æˆ·ID',
  `pid` int(11) NOT NULL DEFAULT '0' COMMENT 'è¯„è®ºçˆ¶id',
  `content` text NOT NULL COMMENT 'å“è®ºä¸»è¦å†…å®¹',
  `score` int(11) NOT NULL DEFAULT '0',
  `update_time` int(11) NOT NULL COMMENT 'æ›´æ–°æ—¶é—´',
  `add_time` int(11) NOT NULL COMMENT 'åˆ›å»ºæ—¶é—´',
  `status` tinyint(4) DEFAULT '0' COMMENT 'æ˜¯å¦æ˜¾ç¤º',
  PRIMARY KEY (`id`)
) ENGINE=MyISAM  DEFAULT CHARSET=utf8 COMMENT='ç”¨æˆ·è¯„è®ºè¡¨' AUTO_INCREMENT=7 ;

--
-- è½¬å­˜è¡¨ä¸­çš„æ•°æ® `cm_goods_comment`
--

INSERT INTO `cm_goods_comment` (`id`, `gid`, `uid`, `pid`, `content`, `score`, `update_time`, `add_time`, `status`) VALUES
(0000000001, 1, 85, 0, 'é˜¿å‡¡è¾¾å‘å¤§å¦åŒæ–¹éƒ½é˜¿å‡¡è¾¾æ´’ç­”å¤å‘é€å‘å‘å‘†å‘å¤§æ°´', 0, 0, 0, 1),
(0000000002, 1, 85, 0, 'èŒƒå¾·è¨èŒƒå¾·è¨å‘å‘†æ´’å‘å¤§æ°´å•Š', 0, 0, 0, 1),
(0000000003, 2, 90, 0, 'é˜¿å‡¡è¾¾å‘å¤§å¦åŒæ–¹éƒ½é˜¿å‡¡è¾¾æ´’ç­”å¤å‘é€å‘å‘å‘†å‘å¤§æ°´', 0, 0, 0, 1),
(0000000004, 2, 85, 0, 'èŒƒå¾·è¨èŒƒå¾·è¨å‘å‘†æ´’å‘å¤§æ°´å•Š', 0, 0, 0, 1),
(0000000005, 2, 85, 0, 'é˜¿å‡¡è¾¾å‘å¤§å¦åŒæ–¹éƒ½é˜¿å‡¡è¾¾æ´’ç­”å¤å‘é€å‘å‘å‘†å‘å¤§æ°´', 0, 0, 0, 1),
(0000000006, 1, 85, 0, 'èŒƒå¾·è¨èŒƒå¾·è¨å‘å‘†æ´’å‘å¤§æ°´å•Š', 0, 0, 0, 1);

-- --------------------------------------------------------

--
-- è¡¨çš„ç»“æ„ `cm_goods_com_photo`
--

CREATE TABLE IF NOT EXISTS `cm_goods_com_photo` (
  `id` int(10) unsigned zerofill NOT NULL AUTO_INCREMENT,
  `gcid` int(11) NOT NULL COMMENT 'è¯„è®ºId',
  `photo` varchar(100) NOT NULL COMMENT 'å›¾ç‰‡è·¯å¾„',
  `status` tinyint(4) NOT NULL DEFAULT '1' COMMENT 'æ˜¯å¦æ˜¾ç¤º',
  PRIMARY KEY (`id`)
) ENGINE=MyISAM  DEFAULT CHARSET=utf8 COMMENT='è¯„è®ºå›¾ç‰‡ä¸Šä¼ ' AUTO_INCREMENT=3 ;

--
-- è½¬å­˜è¡¨ä¸­çš„æ•°æ® `cm_goods_com_photo`
--

INSERT INTO `cm_goods_com_photo` (`id`, `gcid`, `photo`, `status`) VALUES
(0000000001, 1, '/uploads/20180906/81fb4f2e274b093ef3df2e579da93958.jpg', 1),
(0000000002, 1, '/uploads/20180906/81fb4f2e274b093ef3df2e579da93958.jpg', 1);

-- --------------------------------------------------------

--
-- è¡¨çš„ç»“æ„ `cm_goods_photo`
--

CREATE TABLE IF NOT EXISTS `cm_goods_photo` (
  `id` int(10) unsigned NOT NULL AUTO_INCREMENT,
  `gid` int(11) NOT NULL COMMENT 'å•†å“ID',
  `photo` varchar(100) NOT NULL COMMENT 'å›¾ç‰‡è·¯å¾„',
  `status` tinyint(4) NOT NULL DEFAULT '1' COMMENT 'æ˜¯å¦å±•ç¤º',
  PRIMARY KEY (`id`)
) ENGINE=MyISAM  DEFAULT CHARSET=utf8 COMMENT='å•†å“å¤šå›¾åˆ—è¡¨' AUTO_INCREMENT=64 ;

--
-- è½¬å­˜è¡¨ä¸­çš„æ•°æ® `cm_goods_photo`
--

INSERT INTO `cm_goods_photo` (`id`, `gid`, `photo`, `status`) VALUES
(59, 1, '/uploads//20190926/59e29e9cd1c9f03997247fe2f5690af8.jpg', 1),
(58, 1, '/uploads//20190930/4b8ec1d1b976b89fcbb791c8ce6e5b02.jpg', 1),
(57, 1, '/uploads//20190930/59ed474275f5033088d7b5248b1551da.jpg', 1),
(56, 1, '/uploads//20190930/62e94281cb64669bfdaa51a021ae19f4.jpg', 1),
(54, 1, '/uploads/20180906/81fb4f2e274b093ef3df2e579da93958.jpg', 1),
(55, 1, '/uploads//20180906/5a6ea1025d5c2bd8102498e424e44a88.jpg', 1),
(53, 1, '/uploads/20180906/81fb4f2e274b093ef3df2e579da93958.jpg', 1),
(63, 10, '/uploads//20180909/5f4c83389553100dea37df737963d49f.jpg', 1),
(62, 10, '/uploads//20180909/66e14b143b2bf5cce9fd82a193a3c2f5.jpg', 1);

-- --------------------------------------------------------

--
-- è¡¨çš„ç»“æ„ `cm_goods_recommed`
--

CREATE TABLE IF NOT EXISTS `cm_goods_recommed` (
  `id` int(10) unsigned NOT NULL AUTO_INCREMENT,
  `name` varchar(30) NOT NULL COMMENT 'åç§°',
  `add_time` int(11) NOT NULL COMMENT 'åˆ›å»ºæ—¶é—´',
  PRIMARY KEY (`id`)
) ENGINE=MyISAM  DEFAULT CHARSET=utf8 COMMENT='æ¨èæ ‡ç­¾å' AUTO_INCREMENT=4 ;

--
-- è½¬å­˜è¡¨ä¸­çš„æ•°æ® `cm_goods_recommed`
--

INSERT INTO `cm_goods_recommed` (`id`, `name`, `add_time`) VALUES
(1, 'å¥½è¯„ä¸“çº¿', 0),
(2, 'è¿‘æœŸçƒ­é—¨', 0),
(3, 'å¤§ä¼—æ¨è', 0);

-- --------------------------------------------------------

--
-- è¡¨çš„ç»“æ„ `cm_goods_t`
--

CREATE TABLE IF NOT EXISTS `cm_goods_t` (
  `id` int(11) unsigned zerofill NOT NULL AUTO_INCREMENT,
  `gid` int(11) NOT NULL COMMENT 'å•†å“id',
  `tid` int(11) NOT NULL COMMENT 'æ ‡ç­¾id',
  `add_time` int(11) NOT NULL COMMENT 'æ·»åŠ æ—¶é—´',
  PRIMARY KEY (`id`)
) ENGINE=MyISAM  DEFAULT CHARSET=utf8 COMMENT='å•†å“ä¸æ ‡ç­¾å…³ç³»è¡¨' AUTO_INCREMENT=25 ;

--
-- è½¬å­˜è¡¨ä¸­çš„æ•°æ® `cm_goods_t`
--

INSERT INTO `cm_goods_t` (`id`, `gid`, `tid`, `add_time`) VALUES
(00000000001, 4, 1, 0),
(00000000002, 4, 2, 0),
(00000000003, 2, 1, 0),
(00000000004, 2, 3, 0),
(00000000023, 10, 2, 1570522791),
(00000000017, 5, 4, 1570518024),
(00000000016, 5, 3, 1570518024),
(00000000013, 1, 3, 1570517884),
(00000000012, 1, 1, 1570517884),
(00000000022, 10, 1, 1570522791),
(00000000024, 10, 4, 1570522791);

-- --------------------------------------------------------

--
-- è¡¨çš„ç»“æ„ `cm_goods_tag`
--

CREATE TABLE IF NOT EXISTS `cm_goods_tag` (
  `id` int(10) unsigned zerofill NOT NULL AUTO_INCREMENT,
  `name` varchar(50) NOT NULL COMMENT 'æ ‡ç­¾åç§°',
  `add_time` int(11) NOT NULL,
  PRIMARY KEY (`id`)
) ENGINE=MyISAM  DEFAULT CHARSET=utf8 COMMENT='å•†å“æ ‡ç­¾' AUTO_INCREMENT=5 ;

--
-- è½¬å­˜è¡¨ä¸­çš„æ•°æ® `cm_goods_tag`
--

INSERT INTO `cm_goods_tag` (`id`, `name`, `add_time`) VALUES
(0000000001, 'æ‘„å½±æ—…æ‹', 0),
(0000000002, 'ç¨»åŸäºšä¸', 0),
(0000000003, 'ä¸–å¤–æ¡ƒæº', 0),
(0000000004, 'äººé—´ä»™å¢ƒ', 0);

-- --------------------------------------------------------

--
-- è¡¨çš„ç»“æ„ `cm_order`
--

CREATE TABLE IF NOT EXISTS `cm_order` (
  `id` int(10) unsigned zerofill NOT NULL AUTO_INCREMENT,
  `order_num` bigint(20) NOT NULL COMMENT 'è®¢å•ç¼–å·',
  `uid` int(11) NOT NULL COMMENT 'ä¸‹å•ç”¨æˆ·ID',
  `gid` int(11) NOT NULL COMMENT 'å•†å“ID',
  `aduly` int(11) NOT NULL COMMENT 'æˆäººäººæ•°',
  `baby` int(11) NOT NULL COMMENT 'å°å­©äººæ•°',
  `phone` bigint(20) DEFAULT NULL COMMENT 'è”ç³»ç”µè¯',
  `addr_p` varchar(20) DEFAULT '0' COMMENT 'çœ',
  `addr_c` varchar(20) DEFAULT '0' COMMENT 'å¸‚',
  `addr_a` varchar(20) DEFAULT '0' COMMENT 'åŒº',
  `addr_list` varchar(200) NOT NULL COMMENT 'è¯¦ç»†åœ°å€',
  `plane` int(11) DEFAULT NULL COMMENT 'æœºç¥¨',
  `car` int(11) DEFAULT NULL COMMENT 'æ¥æœºæœåŠ¡',
  `butlers` int(11) DEFAULT NULL COMMENT 'ç®¡å®¶',
  `add_time` int(11) NOT NULL COMMENT 'ä¸‹å•æ—¶é—´',
  `start_time` int(11) NOT NULL COMMENT 'å‡ºè¡Œæ—¶é—´',
  `update_time` int(11) NOT NULL COMMENT 'æ›´æ–°æ—¶é—´',
  `verify` tinyint(4) DEFAULT '0' COMMENT 'å®¡æ ¸çŠ¶æ€',
  `status` tinyint(4) DEFAULT '0' COMMENT 'è®¢å•çŠ¶æ€',
  `show` tinyint(4) DEFAULT '1' COMMENT 'æ˜¯å¦æ˜¾ç¤º',
  PRIMARY KEY (`id`)
) ENGINE=MyISAM  DEFAULT CHARSET=utf8 COMMENT='è®¢å•è¡¨' AUTO_INCREMENT=5 ;

--
-- è½¬å­˜è¡¨ä¸­çš„æ•°æ® `cm_order`
--

INSERT INTO `cm_order` (`id`, `order_num`, `uid`, `gid`, `aduly`, `baby`, `phone`, `addr_p`, `addr_c`, `addr_a`, `addr_list`, `plane`, `car`, `butlers`, `add_time`, `start_time`, `update_time`, `verify`, `status`, `show`) VALUES
(0000000001, 1909271637445655, 85, 1, 2, 2, NULL, '0', '0', '0', 'ç™½äº‘åŒºå¤©æ²³æ‘å¤©æ²³é•‡', NULL, NULL, NULL, 1569573464, 1571713600, 1569573464, 0, 1, 1),
(0000000002, 1909271637565210, 85, 1, 2, 2, NULL, '0', '0', '0', 'å¤©æ²³åŒº3å¤©æ²³æ‘å¤©æ²³é•‡', NULL, NULL, NULL, 1569573476, 1571813600, 1569573476, 0, 0, 1),
(0000000003, 1909271930094953, 85, 1, 2, 2, NULL, '0', '0', '0', 'å¤©æ²³åŒº1å¤©æ²³æ‘å¤©æ²³é•‡', NULL, NULL, NULL, 1569583809, 1579613600, 1569583809, 0, 1, 1),
(0000000004, 1909271934541014, 85, 1, 2, 2, NULL, '0', '0', '0', 'å¤©æ²³åŒº2å¤©æ²³æ‘å¤©æ²³é•‡', NULL, NULL, NULL, 1569584094, 1579813600, 1569584094, 0, 0, 1);

-- --------------------------------------------------------

--
-- è¡¨çš„ç»“æ„ `cm_sms`
--

CREATE TABLE IF NOT EXISTS `cm_sms` (
  `phone` bigint(20) NOT NULL,
  `code` int(11) NOT NULL,
  `add_time` int(11) NOT NULL
) ENGINE=MyISAM DEFAULT CHARSET=utf8;

--
-- è½¬å­˜è¡¨ä¸­çš„æ•°æ® `cm_sms`
--

INSERT INTO `cm_sms` (`phone`, `code`, `add_time`) VALUES
(15118921185, 227154, 1570602839);

-- --------------------------------------------------------

--
-- è¡¨çš„ç»“æ„ `cm_sys_menu`
--

CREATE TABLE IF NOT EXISTS `cm_sys_menu` (
  `id` int(10) unsigned NOT NULL AUTO_INCREMENT,
  `parent` int(11) DEFAULT NULL,
  `name` char(100) DEFAULT '',
  `model` char(40) DEFAULT '',
  `url` char(100) DEFAULT '',
  `icon` char(100) DEFAULT NULL,
  `extend` text,
  `sort` tinyint(3) DEFAULT NULL,
  PRIMARY KEY (`id`)
) ENGINE=MyISAM  DEFAULT CHARSET=utf8 AUTO_INCREMENT=53 ;

--
-- è½¬å­˜è¡¨ä¸­çš„æ•°æ® `cm_sys_menu`
--

INSERT INTO `cm_sys_menu` (`id`, `parent`, `name`, `model`, `url`, `icon`, `extend`, `sort`) VALUES
(2, 0, 'æ¦‚å†µ', 'Index', 'index', 'gakuang', NULL, 1),
(3, 0, 'ç³»ç»Ÿè®¾ç½®', 'System', '', 'sz', NULL, 7),
(4, 3, 'åŸºç¡€è®¾ç½®', 'System', 'index', 'sz', 'sethome,menu,domenu', 1),
(6, 4, 'åŸºç¡€è®¾ç½®', 'System', 'index', NULL, NULL, 1),
(7, 4, 'ç”¨æˆ·ç®¡ç†', 'System', 'users', NULL, NULL, 2),
(8, 4, 'è§’è‰²ç®¡ç†', 'System', 'roles', NULL, NULL, 3),
(52, 51, 'ä¼šå‘˜åˆ—è¡¨', 'User', 'index', 'fanli', NULL, 5),
(51, 0, 'ä¼šå‘˜ç®¡ç†', 'User', '', 'fanli', NULL, 5),
(11, 3, 'ä¿®æ”¹èµ„æ–™', 'System', 'passwd', NULL, NULL, 2),
(12, 3, 'å­è´¦å·ç®¡ç†', 'System', 'account', NULL, 'doaccount,role', 3),
(14, 0, 'è·¯çº¿ç®¡ç†', 'Product', '', 'chanpin', '', 2),
(15, 0, 'ä»£ç†ç®¡ç†', 'Agents', '', 'huiyuan', NULL, 3),
(18, 14, 'è·¯çº¿ç®¡ç†', 'Product', 'index', 'index', 'index,recycle,productedit', 0),
(19, 15, 'èº«ä»½ç®¡ç†', 'Agents', 'index', NULL, 'douser', 1),
(44, 43, 'é¢„çº¦åˆ—è¡¨', 'Order', 'index', NULL, NULL, 1),
(43, 0, 'é¢„çº¦ç®¡ç†', 'Order', '', 'dingdan', NULL, 4),
(50, 47, 'è§„æ ¼é…ç½®', 'Agentcard', 'cardtype', '', 'typeedit', 7),
(41, 15, 'ä¼šå‘˜å¡ç»Ÿè®¡', 'Agents', 'count', NULL, 'city,agent_list', 7),
(48, 47, 'ä¼šå‘˜å¡åˆ›å»º', 'Agentcard', 'add', '', NULL, 6),
(49, 47, 'ä¼šå‘˜å¡åˆ—è¡¨', 'Agentcard', 'index', '', 'list', 7),
(47, 0, 'ä¼šå‘˜å¡ç®¡ç†', 'Agentcard', '', 'fanli', NULL, 6),
(37, 17, 'å……å€¼ç”³è¯·ç®¡ç†', 'Wages', 'recharge', NULL, NULL, 5),
(46, 3, 'åå°èœå•è®¾ç½®', 'System', 'sysmenu', NULL, NULL, 1);

-- --------------------------------------------------------

--
-- è¡¨çš„ç»“æ„ `cm_user`
--

CREATE TABLE IF NOT EXISTS `cm_user` (
  `id` int(11) NOT NULL AUTO_INCREMENT,
  `parent_id` int(11) DEFAULT '0',
  `top_parent` int(11) DEFAULT '0' COMMENT 'æ›´é«˜çº§ä¸Šçº§',
  `parent_path` text,
  `is_area` tinyint(1) DEFAULT '0' COMMENT 'æ˜¯å¦ä¸ºç¬¬ä¸€ä¸ªå¸‚ä»£æˆ–çœä»£',
  `level` int(11) DEFAULT '0',
  `nickname` varchar(255) DEFAULT NULL,
  `sex` int(2) DEFAULT NULL,
  `avatar` varchar(255) DEFAULT NULL,
  `openid` char(100) DEFAULT NULL,
  `wxinfo` text,
  `money` decimal(10,2) DEFAULT '0.00',
  `reward_money` decimal(10,2) DEFAULT '0.00' COMMENT 'å¥–é‡‘',
  `phone` char(20) DEFAULT NULL,
  `password` varchar(255) DEFAULT NULL,
  `card_id` varchar(20) DEFAULT NULL COMMENT 'èº«ä»½è¯å·',
  `status` tinyint(1) DEFAULT '0',
  `code` char(20) DEFAULT NULL,
  `charge_time` int(11) DEFAULT NULL COMMENT 'ä¼šå‘˜åˆ°æœŸæ—¶é—´',
  `reg_time` datetime DEFAULT NULL,
  `login_time` datetime DEFAULT NULL,
  `only_code` char(10) DEFAULT NULL,
  PRIMARY KEY (`id`)
) ENGINE=MyISAM  DEFAULT CHARSET=utf8 AUTO_INCREMENT=96 ;

--
-- è½¬å­˜è¡¨ä¸­çš„æ•°æ® `cm_user`
--

INSERT INTO `cm_user` (`id`, `parent_id`, `top_parent`, `parent_path`, `is_area`, `level`, `nickname`, `sex`, `avatar`, `openid`, `wxinfo`, `money`, `reward_money`, `phone`, `password`, `card_id`, `status`, `code`, `charge_time`, `reg_time`, `login_time`, `only_code`) VALUES
(85, 0, 0, '0_99', 0, 1, 'è¿é•¿', NULL, 'http://thirdwx.qlogo.cn/mmopen/QqibNTticr6tVh8ltgQ5syQTVgZlvNZYNWRs2S5HtkWbV5M43GmAh41Srn3iaXcxsLofLWp9nYQqMHEGezTNjaXDky4bMQyzKCT/132', 'otKSH1D8jjZEzVNveDrlYfFo45PI', NULL, '289920.00', '0.00', '13859815201', NULL, '441324199909090909', 1, '72A963B1', 1570689248, '2018-09-30 06:05:12', '2018-09-30 06:05:12', 'BE46'),
(90, 85, 0, '0_99', 0, 1, 'Azaz', NULL, 'http://thirdwx.qlogo.cn/mmopen/5WQJs7LcPT2b9xKAWmiaCJPvLqlAdIGFCsXOanPxyX5EAvkYJUbrpb7VB3SHyVWMvxK3AezKQzU39dsexiaib0OgKXhUObtw9h1/132', 'otKSH1Ng76Sym2DCjsrZK9ezlJz4', NULL, '133120.00', '0.00', '13265985660', NULL, NULL, 1, 'C6037121', NULL, '2018-09-30 07:10:27', '2018-09-30 07:10:27', '1352'),
(91, 90, 85, '1352_1,0_99', 0, 0, 'ã¤Error', NULL, 'http://thirdwx.qlogo.cn/mmopen/ajNVdqHZLLC9QQiaus5PGCm3CD9jgwYVkblRmwEXI86FhBy0oSj0ascp9U0afiaAyun88WsbR29Ciak4AEUWGYZfA/132', 'otKSH1ImluBdFK35ABETLilw93zY', NULL, '42400.00', '2880.00', '13256448468', NULL, NULL, 1, '298E37DC', NULL, '2018-09-30 07:08:58', '2018-09-30 07:08:58', '2D0C'),
(92, 90, 85, '2D0C_2,1352_1,0_99', 0, 0, 'ã‚‡Azaz.L', NULL, 'http://thirdwx.qlogo.cn/mmopen/nXpsNZlupjvWgC7kYicjoKkecqIcSC0IKOBTOQM3icUzL9cwnZz3UXST5lVO1zD47doxB2QCln0PgY5XoHzOa6zeOQgLmzfUzT/132', 'otKSH1ElKakHWDgZrQek44XlzqlI', NULL, '42400.00', '0.00', '13562355586', NULL, NULL, 1, 'EFACDC26', NULL, '2018-09-30 07:10:16', '2018-09-30 07:10:16', '4CD6'),
(93, 85, 0, '2D0C_2,1352_1,0_99', 0, 0, 'ã‚‡Azaz.L', NULL, 'http://thirdwx.qlogo.cn/mmopen/nXpsNZlupjvWgC7kYicjoKkecqIcSC0IKOBTOQM3icUzL9cwnZz3UXST5lVO1zD47doxB2QCln0PgY5XoHzOa6zeOQgLmzfUzT/132', 'otKSH1ElKakHWDgZrQek44XlzqlI1', NULL, '42400.00', '0.00', '13562355586', NULL, NULL, 1, 'EFACDC26', NULL, '2018-09-30 07:10:16', '2018-09-30 07:10:16', '4CD6'),
(94, 85, 0, '2D0C_2,1352_1,0_99', 0, 0, 'ã‚‡Azaz.L', NULL, 'http://thirdwx.qlogo.cn/mmopen/nXpsNZlupjvWgC7kYicjoKkecqIcSC0IKOBTOQM3icUzL9cwnZz3UXST5lVO1zD47doxB2QCln0PgY5XoHzOa6zeOQgLmzfUzT/132', 'otKSH1ElKakHWDgZrQek44XlzqlI2', NULL, '42400.00', '0.00', '13562355586', NULL, NULL, 1, 'EFACDC26', NULL, '2018-09-30 07:10:16', '2018-09-30 07:10:16', '4CD6'),
(95, 85, 0, '2D0C_2,1352_1,0_99', 0, 0, 'ã‚‡Azaz.L', NULL, 'http://thirdwx.qlogo.cn/mmopen/nXpsNZlupjvWgC7kYicjoKkecqIcSC0IKOBTOQM3icUzL9cwnZz3UXST5lVO1zD47doxB2QCln0PgY5XoHzOa6zeOQgLmzfUzT/132', 'otKSH1ElKakHWDgZrQek44XlzqlI3', NULL, '42400.00', '0.00', '13562355586', NULL, NULL, 1, 'EFACDC26', NULL, '2018-09-30 07:10:16', '2018-09-30 07:10:16', '4CD6');

/*!40101 SET CHARACTER_SET_CLIENT=@OLD_CHARACTER_SET_CLIENT */;
/*!40101 SET CHARACTER_SET_RESULTS=@OLD_CHARACTER_SET_RESULTS */;
/*!40101 SET COLLATION_CONNECTION=@OLD_COLLATION_CONNECTION */;
